recruiter_pvk,content_id
0x59c6995e998f97a5a0044966f0945389dc9e86dae88c7a8412f4603b6b78690d,2dxnR7a3QS19JbfKztXxsYCcd7dTsS4YdheNUJaJUsBF
0x59c6995e998f97a5a0044966f0945389dc9e86dae88c7a8412f4603b6b78690d,28VqyEvdJKcX5WXY2xkwYZPwhvuuQykZXksYuBLjbq5W
0x59c6995e998f97a5a0044966f0945389dc9e86dae88c7a8412f4603b6b78690d,DaNtGRUVftbUYRjiq9nXnZoV1ZQXMXMivDpu4CEZh61e
0x59c6995e998f97a5a0044966f0945389dc9e86dae88c7a8412f4603b6b78690d,4yzZJ1AjCrcePVnRxgRZDFaY6vQT22WBx22LtC3RwoeV
0x59c6995e998f97a5a0044966f0945389dc9e86dae88c7a8412f4603b6b78690d,DjSBsyjSuyduy38kiVfRhX1EiZsYK5hr7VkE6Lg8ejdt
0x59c6995e998f97a5a0044966f0945389dc9e86dae88c7a8412f4603b6b78690d,27yVcvaejMR38hqYfnecFXRS4Wxt9morJ1RQn6tdGqZP
0x59c6995e998f97a5a0044966f0945389dc9e86dae88c7a8412f4603b6b78690d,G5ZqimJ3ySGZkjS9i1rveZLokKcky6Ezg9rVtHcGtLjG
0x59c6995e998f97a5a0044966f0945389dc9e86dae88c7a8412f4603b6b78690d,Zpdwen695UgmEfFpMhsBRkDqhQAVQevPfsocZVUcKDC
0x59c6995e998f97a5a0044966f0945389dc9e86dae88c7a8412f4603b6b78690d,CfGXtGdA4hoEwRT52E57FqJLU3AsErtinVD5VFcp5LZH
0x59c6995e998f97a5a0044966f0945389dc9e86dae88c7a8412f4603b6b78690d,FscNd7TV3KAb8nuBqVpwoLFXKzBRqYQTtgKhBmzpXGSa
0x59c6995e998f97a5a0044966f0945389dc9e86dae88c7a8412f4603b6b78690d,7tw6cY6Yqncvb4TmpV2iZA2dATgcrkAiiRXC9HBzUqR7